Name,Price
LogisFare - Transport & Logistics WordPress Theme,$26
Quera – Business Consultancy WordPress Theme,$29
Chomok - Modern Architecture & Interior WordPress Theme,$35
Doyle - Creative Multipurpose WordPress Theme,$59
Orbito - Creative Agency WordPress Theme,$29
Funeral Service Responsive WordPress Theme,$79
Dgita - Creative Digital Agency WordPress Theme,$29
Labflox – Laboratory & Research Responsive WordPress Theme,$29
Drox - Agency & Portfolio WordPress Theme,$29
Drox - Agency & Portfolio WordPress Theme,$29
Boozy - Creative Agency WordPress Theme,$21
Bepro - Multipurpose Business WordPress Theme,$29
Dana - Corporate Business Multi-Purpose WordPress Themes,$59
Souq - Ecommerce WordPress Theme,$48
Connection – Creative Agency WordPress Theme,$59
Idoni - Creative Agency WordPress Theme,$26
Meipaly - Digital Services Agency WordPress Theme,$35
Novela - Book Landing & Reading WordPress Theme,$59
Yolo | Multi-Purpose Creative WordPress Themes,$59
Konsulting - Consulting & Bitcoin WordPress Theme,$59
LMStudy - Education LMS WooCommerce Theme,$59
John Brad - OnePage Photography,$14
